case_id,EGFR,KRAS,ALK,ROS1,TP53,BRAF,PIK3CA,ERBB2,NRAS
TCGA-05-4244,0,1,0,0,0,0,0,0,0
TCGA-05-4249,0,1,0,0,0,1,1,0,0
TCGA-05-4250,0,1,0,0,0,0,0,0,0
TCGA-05-4382,1,0,1,1,1,1,0,0,0
TCGA-05-4384,0,0,0,0,1,0,0,1,0
TCGA-05-4389,0,0,0,0,0,1,0,0,0
TCGA-05-4390,0,1,0,0,0,0,0,0,0
TCGA-05-4395,0,1,0,0,1,0,0,0,0
TCGA-05-4396,0,0,0,0,1,0,0,0,0
TCGA-05-4397,0,0,1,0,1,0,1,0,0
TCGA-05-4398,0,0,0,0,1,0,0,0,0
TCGA-05-4402,1,0,0,0,1,0,0,0,0
TCGA-05-4403,0,0,0,0,0,0,0,0,0
TCGA-05-4405,0,0,0,0,1,0,0,0,0
TCGA-05-4410,1,0,1,0,1,1,0,0,0
TCGA-05-4415,0,1,0,0,0,0,0,0,0
TCGA-05-4417,0,1,0,0,0,0,0,0,0
TCGA-05-4418,0,1,0,0,0,0,0,0,0
TCGA-05-4420,0,0,0,0,1,0,0,0,0
TCGA-05-4424,0,0,0,0,1,0,0,0,0
TCGA-05-4426,0,0,0,0,1,0,0,0,0
TCGA-05-4427,0,1,0,0,1,0,0,0,0
TCGA-05-4430,0,0,0,0,1,0,0,0,0
TCGA-05-4432,0,0,1,0,1,0,0,0,0
TCGA-05-4433,0,1,0,0,1,0,0,0,0
TCGA-05-4434,0,0,0,0,0,0,0,1,0
TCGA-05-5423,1,0,0,0,1,0,0,0,0
TCGA-05-5425,0,0,0,0,1,0,0,0,0
TCGA-05-5428,0,0,0,0,1,1,0,0,0
TCGA-05-5715,0,0,0,0,0,0,0,1,0
TCGA-35-3615,0,1,0,0,0,0,0,0,0
TCGA-35-4122,0,0,0,0,1,0,0,0,0
TCGA-35-4123,0,0,0,0,1,0,0,0,1
TCGA-35-5375,0,0,0,0,1,0,0,0,0
TCGA-38-4626,0,0,1,0,0,0,0,0,0
TCGA-38-4627,1,0,0,0,0,0,0,0,0
TCGA-38-4628,1,0,0,0,0,0,0,0,0
TCGA-38-4629,1,0,0,0,1,0,0,1,0
TCGA-38-4630,0,0,0,0,1,0,0,0,0
TCGA-38-4632,0,0,0,0,1,0,0,0,1
TCGA-38-6178,1,0,0,0,1,0,0,0,0
TCGA-44-2656,0,0,1,0,1,0,0,1,0
TCGA-44-2657,0,0,0,0,0,0,0,0,0
TCGA-44-2659,0,0,0,0,1,0,0,0,0
TCGA-44-2661,1,0,0,0,0,0,0,0,0
TCGA-44-2662,0,0,0,0,1,1,0,0,0
TCGA-44-2666,0,0,0,0,0,1,0,0,0
TCGA-44-2668,0,0,0,0,1,0,1,0,0
TCGA-44-3396,0,0,0,0,1,0,0,1,0
TCGA-44-3917,0,1,0,1,1,0,0,0,0
TCGA-44-3918,0,0,0,0,1,1,0,0,0
TCGA-44-4112,0,0,1,0,0,0,0,0,0
TCGA-44-5643,0,0,0,0,0,0,1,0,0
TCGA-44-5644,0,0,0,0,1,0,0,0,0
TCGA-44-5645,1,0,0,0,1,0,1,0,0
TCGA-44-6144,0,1,0,0,1,0,0,0,0
TCGA-44-6145,0,1,0,0,1,0,0,0,0
TCGA-44-6146,0,1,0,0,0,0,0,0,0
TCGA-44-6147,1,0,0,0,1,0,0,0,0
TCGA-44-6774,0,0,0,0,1,1,0,0,0
TCGA-44-6775,0,0,0,0,1,0,0,0,0
TCGA-44-6776,0,1,1,0,0,0,0,0,0
TCGA-44-6777,0,0,1,0,1,0,0,0,0
TCGA-44-6778,0,0,0,0,1,0,0,0,0
TCGA-44-6779,0,0,0,0,1,0,0,0,0
TCGA-44-7660,0,0,0,0,1,0,0,0,0
TCGA-44-7661,0,1,0,0,1,0,0,0,0
TCGA-44-7662,0,0,1,0,1,0,0,0,0
TCGA-44-7667,0,0,0,0,1,0,0,0,0
TCGA-44-7670,0,0,1,1,1,0,1,0,0
TCGA-44-7671,0,1,0,0,0,0,0,0,0
TCGA-44-7672,0,1,0,1,0,0,0,0,0
TCGA-44-8117,0,1,0,0,1,0,0,0,0
TCGA-44-8119,0,0,0,1,0,0,0,0,0
TCGA-44-8120,0,0,0,0,1,0,0,0,0
TCGA-44-A479,0,0,0,0,1,0,0,0,0
TCGA-44-A47A,0,1,0,0,0,0,0,0,0
TCGA-44-A47F,0,1,0,0,0,0,0,0,0
TCGA-44-A47G,0,0,0,0,1,0,0,0,0
TCGA-44-A4SS,0,0,0,0,1,0,0,0,0
TCGA-44-A4SU,1,0,0,0,1,0,0,0,0
TCGA-49-4487,0,0,0,0,1,0,0,0,0
TCGA-49-4490,1,0,0,0,1,0,0,0,0
